{"cameraMode":{"drawMode":0,"name":"Shaded","section":"Shading Mode"},"sceneLighting":false,"audioPlay":false,"sceneViewState":{"showFog":true,"showMaterialUpdate":false,"showSkybox":false,"showFlares":true,"showImageEffects":true,"showParticleSystems":true},"in2DMode":false,"pivot":{"x":-8.395726203918457,"y":-4.936566352844238,"z":12.409078598022461},"rotation":{"x":0.3167699873447418,"y":0.651878297328949,"z":-0.34687238931655886,"w":0.5953251719474793},"size":0.7071069478988648,"orthographic":false}