{"cameraMode":{"drawMode":0,"name":"Shaded","section":"Shading Mode"},"sceneLighting":true,"audioPlay":false,"sceneViewState":{"showFog":true,"showMaterialUpdate":false,"showSkybox":true,"showFlares":true,"showImageEffects":true,"showParticleSystems":true},"in2DMode":false,"pivot":{"x":-41.353511810302737,"y":2.912789821624756,"z":-11.705055236816407},"rotation":{"x":0.2870573103427887,"y":0.24446794390678407,"z":-0.07602372765541077,"w":0.9230701923370361},"size":28.714309692382814,"orthographic":true}