{"cameraMode":{"drawMode":0,"name":"Shaded","section":"Shading Mode"},"sceneLighting":true,"audioPlay":false,"sceneViewState":{"showFog":true,"showMaterialUpdate":false,"showSkybox":true,"showFlares":true,"showImageEffects":true,"showParticleSystems":true},"in2DMode":false,"pivot":{"x":-27.835018157958986,"y":-13.388643264770508,"z":20.506834030151368},"rotation":{"x":-0.26880255341529848,"y":-0.08771317452192307,"z":0.024576760828495027,"w":-0.958892822265625},"size":15.529693603515625,"orthographic":false}