{"cameraMode":{"drawMode":0,"name":"Shaded","section":"Shading Mode"},"sceneLighting":true,"audioPlay":false,"sceneViewState":{"showFog":true,"showMaterialUpdate":false,"showSkybox":true,"showFlares":true,"showImageEffects":true,"showParticleSystems":true},"in2DMode":false,"pivot":{"x":-74.08602142333985,"y":29.588321685791017,"z":27.863157272338868},"rotation":{"x":0.1826808750629425,"y":0.7318741679191589,"z":-0.21561306715011598,"w":0.6200834512710571},"size":28.714309692382814,"orthographic":true}