{"cameraMode":{"drawMode":0,"name":"Shaded","section":"Shading Mode"},"sceneLighting":true,"audioPlay":false,"sceneViewState":{"showFog":true,"showMaterialUpdate":false,"showSkybox":true,"showFlares":true,"showImageEffects":true,"showParticleSystems":true},"in2DMode":false,"pivot":{"x":-30.833341598510743,"y":-0.0747341513633728,"z":-2.3490285873413088},"rotation":{"x":-0.05781972408294678,"y":0.6189807653427124,"z":-0.04576961323618889,"w":-0.7819381952285767},"size":0.9027247428894043,"orthographic":false}