{"cameraMode":{"drawMode":0,"name":"Shaded","section":"Shading Mode"},"sceneLighting":true,"audioPlay":false,"sceneViewState":{"showFog":true,"showMaterialUpdate":false,"showSkybox":true,"showFlares":true,"showImageEffects":true,"showParticleSystems":true},"in2DMode":false,"pivot":{"x":-39.244415283203128,"y":0.5309847593307495,"z":-13.049508094787598},"rotation":{"x":0.13064594566822053,"y":0.12074805796146393,"z":-0.01599070057272911,"w":0.9839513897895813},"size":5.610384941101074,"orthographic":false}