{"cameraMode":{"drawMode":0,"name":"Shaded","section":"Shading Mode"},"sceneLighting":false,"audioPlay":false,"sceneViewState":{"showFog":true,"showMaterialUpdate":false,"showSkybox":false,"showFlares":true,"showImageEffects":true,"showParticleSystems":true},"in2DMode":false,"pivot":{"x":1.7881393432617188e-7,"y":0.8664480447769165,"z":-0.32435253262519839},"rotation":{"x":0.06294459849596024,"y":-0.021243026480078698,"z":0.0013367516221478582,"w":0.9977996349334717},"size":1.3315328359603882,"orthographic":false}