{"cameraMode":{"drawMode":0,"name":"Shaded","section":"Shading Mode"},"sceneLighting":true,"audioPlay":false,"sceneViewState":{"showFog":true,"showMaterialUpdate":false,"showSkybox":true,"showFlares":true,"showImageEffects":true,"showParticleSystems":true},"in2DMode":false,"pivot":{"x":-21.62879753112793,"y":76.43450927734375,"z":-22.306800842285158},"rotation":{"x":-0.5467844009399414,"y":-0.36864808201789858,"z":0.2907424569129944,"w":-0.6932717561721802},"size":26.238935470581056,"orthographic":false}