{"cameraMode":{"drawMode":0,"name":"Shaded","section":"Shading Mode"},"sceneLighting":true,"audioPlay":false,"sceneViewState":{"showFog":true,"showMaterialUpdate":false,"showSkybox":true,"showFlares":true,"showImageEffects":true,"showParticleSystems":true},"in2DMode":false,"pivot":{"x":-41.353511810302737,"y":2.912789821624756,"z":-11.705055236816407},"rotation":{"x":0.08656661957502365,"y":0.08596446365118027,"z":-0.007497159298509359,"w":0.9925047159194946},"size":28.714309692382814,"orthographic":true}