{"cameraMode":{"drawMode":0,"name":"Shaded","section":"Shading Mode"},"sceneLighting":true,"audioPlay":false,"sceneViewState":{"showFog":true,"showMaterialUpdate":false,"showSkybox":true,"showFlares":true,"showImageEffects":true,"showParticleSystems":true},"in2DMode":false,"pivot":{"x":-74.08602142333985,"y":29.588321685791017,"z":27.863157272338868},"rotation":{"x":0.21575140953063966,"y":0.737072765827179,"z":-0.27491411566734316,"w":0.5784478783607483},"size":28.714309692382814,"orthographic":true}