{"cameraMode":{"drawMode":0,"name":"Shaded","section":"Shading Mode"},"sceneLighting":true,"audioPlay":false,"sceneViewState":{"showFog":true,"showMaterialUpdate":false,"showSkybox":true,"showFlares":true,"showImageEffects":true,"showParticleSystems":true},"in2DMode":false,"pivot":{"x":-31.835716247558595,"y":1.5646674633026124,"z":-3.559877872467041},"rotation":{"x":-0.16705676913261414,"y":0.07298372685909271,"z":-0.012401031330227852,"w":-0.9831635355949402},"size":8.940593719482422,"orthographic":false}