{"cameraMode":{"drawMode":0,"name":"Shaded","section":"Shading Mode"},"sceneLighting":true,"audioPlay":false,"sceneViewState":{"showFog":true,"showMaterialUpdate":false,"showSkybox":true,"showFlares":true,"showImageEffects":true,"showParticleSystems":true},"in2DMode":false,"pivot":{"x":596.0169067382813,"y":463.7074279785156,"z":-46.9429931640625},"rotation":{"x":0.025304609909653665,"y":-0.12265022844076157,"z":0.0031282594427466394,"w":0.9921224117279053},"size":748.29052734375,"orthographic":false}